modelo,RMSE,MAE
Popularidade,0.9666860044585095,0.7524666946763393
SVD k=10,0.9140338713788471,0.7075862816297164
Matrix Factorization k=5,0.9138711687319961,0.6999895524657026
