modelo,Precision@10,Recall@10,usuarios_avaliados_topk
Popularidade,0.07790697674418605,0.06136983853173653,602
SVD k=10,0.1270764119601329,0.09715516803374537,602
Matrix Factorization k=5,0.02109634551495017,0.01839332248644394,602
