k,RMSE_MF,MAE_MF,Precision@10,Recall@10,usuarios_avaliados_topk
5,0.9138711686459698,0.6999895521641912,0.02109634551495017,0.01839332248644394,602
10,0.9332011073952805,0.7154347733464229,0.0186046511627907,0.014257618516801301,602
20,0.9522024508754856,0.7327962379043146,0.028073089700996676,0.019252010041070695,602
50,0.9593538005576031,0.7404267610159925,0.040697674418604654,0.03091477211879936,602
100,0.9165957329170471,0.7092785620306296,0.05548172757475084,0.04069302981541649,602
