k,RMSE_SVD,MAE_SVD,Precision@10,Recall@10,usuarios_avaliados_topk
5,0.9157036322080868,0.7089145080280833,0.11960132890365449,0.09002064952908091,602
10,0.9140338713788471,0.7075862816297164,0.1270764119601329,0.09715516803374537,602
20,0.9173982338708963,0.7098691563442145,0.12076411960132888,0.09557900506927927,602
50,0.9258101190075054,0.7172969718687451,0.11063122923588041,0.1076849269636564,602
100,0.9341682671243166,0.7260710315213887,0.08172757475083058,0.08854976369185731,602
